1,닭가슴살
2,오메가3
3,먹태깡
4,글루타치온
5,쌀20kg
6,유산균
7,사과
8,김치
9,복숭아
10,콜라겐
11,아르기닌
12,깔라만시
13,맥심모카골드
14,쌀10kg
15,밀크씨슬
16,전복
17,수향미10kg
18,생수
19,옥수수
20,오쏘몰이뮨
21,단백질보충제
22,조선호텔김치
23,비타민d
24,수박
25,콤부차
26,효소
27,비오틴
28,비타민c
29,고려은단비타민c1000
30,콘드로이친
31,bnr17유산균
32,정관장에브리타임
33,샤인머스켓
34,스팸
35,소금
36,루테인
37,수향미
38,락토페린
39,카무트효소
40,멸균우유
41,커피믹스
42,마그네슘
43,종합비타민
44,콘드로이친1200
45,고구마
46,양배추즙
47,토마토
48,두유
49,홍삼
50,꽃게
51,멀티비타민
52,쌀
53,카누
54,햇반
55,자두
56,단백질쉐이크
57,프로폴리스
58,납작복숭아
59,삼다수
60,탄산수
61,락토핏
62,롤업젤리
63,루테인지아잔틴
64,비에날씬유산균
65,노니
66,포카리스웨트
67,무화과
68,하이뮨
69,링티
70,질유산균
71,약과
72,신라면더레드
73,천일염
74,알티지오메가3
75,찰옥수수
76,이노시톨
77,천일염20kg
78,딱딱이복숭아
79,폴리코사놀
80,그릭요거트
81,하이뮨프로틴밸런스
82,참치캔
83,맥심화이트골드
84,도라지배즙
85,맥주효모
86,뉴케어구수한맛
87,프로테오글리칸
88,오트밀
89,사과떡볶이
90,포도
91,뉴케어
92,믹스커피
93,산양유단백질
94,곤약젤리
95,정관장
96,밀키트
97,망고젤리
98,흑염소진액
99,육포
100,프로바이오틱스
101,비타민
102,삼다수2l
103,단호박
104,타트체리
105,미숫가루
106,갈비탕
107,보스웰리아
108,프로틴
109,모로실
110,점보도시락
111,생수2l
112,덴마크유산균이야기
113,아몬드브리즈
114,호박즙
115,멸치
116,이뮨비타민
117,견과류
118,학가산김치
119,참치
120,감자
121,열광한우
122,야쿠르트네고왕
123,msm
124,초당옥수수
125,코엔자임q10
126,컵밥
127,생수500
128,빨간통다이어트
129,아오리사과
130,고춧가루
131,참기름
132,쏘팔메토
133,반찬
134,네스프레소캡슐
135,곤약밥
136,소금20kg
137,청귤
138,삼다수500ml
139,뼈엔엠비피mbp
140,단백질음료
141,올리브유
142,종가집포기김치10kg
143,삼계탕
144,la갈비
145,우대갈비
146,고등어
147,몬스터에너지드링크
148,다이어트도시락
149,장어
150,락토핏생유산균골드
151,누룽지
152,오쏘몰
153,프로바이오틱스유산균
154,샐러드
155,아이스크림
156,여에스더글루타치온
157,커피
158,오징어
159,열무김치
160,방울토마토
161,한우
162,곰탕
163,메타바이옴v2
164,참외
165,리포좀비타민c
166,당근
167,그래놀라
168,새우
169,꿀
170,블루베리
171,육개장
172,mbp
173,고려은단멀티비타민올인원
174,파바빈
175,창억떡
176,떡
177,이경제흑염소진액
178,스리라차소스
179,에버콜라겐
180,코카콜라
181,bnr17
182,abc쥬스
183,차전자피
184,삼겹살
185,센트룸
186,단백질바
187,구운계란
188,스팸200g
189,꽃보다오징어
190,비비고왕교자
191,시서스
192,g7커피
193,마카다미아
194,셀렉스
195,칼슘마그네슘비타민d
196,일리캡슐
197,가리비
198,올리브오일
199,실비김치
200,셀렉스프로틴
201,갈치
202,파워에이드
203,미역
204,총각김치
205,김수미김치
206,망고
207,토마호크
208,스타벅스캡슐
209,하루견과
210,콜레올로지
211,원두
212,엘레나질유산균
213,고메소바바치킨
214,빅토리아탄산수
215,코큐텐
216,돌체구스토캡슐
217,구슬아이스크림
218,밤고구마
219,냉면
220,맥심커피믹스
221,커피원두
222,명절선물세트
223,죽
224,카무트
225,김
226,버터
227,식용유
228,비타민b
229,초임계알티지오메가3
230,냉동닭가슴살
231,민물장어
232,도미솔김치
233,덴마크유산균
234,아기유산균
235,홍로사과
236,티젠콤부차
237,땅콩버터
238,제로콜라
239,개성주악
240,토닉워터
241,관절엔콘드로이친1200
242,아몬드
243,마른오징어
244,족발
245,간장게장
246,세척사과
247,닭다리살
248,프렌치카페커피믹스
249,정관장홍삼정
250,캠핑음식
251,건강식품
252,배추김치
253,하림닭가슴살
254,비타500
255,스포츠리서치오메가3
256,과자
257,밀크시슬
258,아누카사과분말
259,포스파티딜세린
260,양파
261,스타벅스원두
262,저분자콜라겐
263,닭발
264,락토핏코어맥스
265,보리차
266,고추장
267,크레아틴
268,가시제거연구소
269,카누미니마일드
270,사골곰탕
271,돈까스
272,만두
273,오리히로곤약젤리
274,헬스멀티비타민15
275,한끼통살
276,종가집김치
277,덴프스유산균
278,레몬
279,귤
280,대마종자유
281,핫도그
282,떡갈비
283,즉석밥
284,사과즙
285,아임비타
286,추석선물세트
287,설렁탕
288,콜라
289,훈제오리
290,모짜렐라치즈
291,화이트식초
292,검은콩두유
293,성게알
294,하남쭈꾸미
295,푸드올로지
296,과일
297,밤호박
298,어진수산
299,황도복숭아
300,오뚜기밥
301,연어
302,꽃소금
303,라면
304,딸기
305,신동진쌀20kg
306,포카리스웨트분말
307,현미밥
308,전투식량
309,야쿠르트
310,캔커피
311,사세버팔로윙
312,문어
313,아사히생맥주캔
314,반건조오징어
315,천도복숭아
316,감자빵
317,여주즙
318,우유
319,아보카도오일
320,점보도시락라면
321,하루한포홍삼
322,애플망고
323,냉동블루베리
324,크림치즈
325,게토레이
326,오이
327,소고기
328,침향환
329,아로니아
330,멜론
331,맥심모카골드400
332,알룰로스
333,이온음료
334,정관장활기력
335,강원도찰옥수수
336,설탕
337,눈영양제
338,돼지갈비
339,원두커피
340,bcaa
341,홍진경더김치
342,고추가루
343,칼슘
344,앵커버터
345,쑥떡
346,떡케이크
347,컵라면
348,숏다리
349,수향미20kg
350,보리굴비
351,이천쌀10kg
352,설탕15kg
353,파김치
354,진미채
355,상추
356,낫또
357,맥심커피
358,히모카와우동
359,스테비아방울토마토
360,일본곤약젤리
361,해초미인다시마면
362,장사의신밀키트
363,제피고추장
364,먹태
365,혈당유산균
366,탕후루
367,매스틱검
368,토마토쥬스
369,치즈
370,신라면
371,정관장홍삼
372,산토리위스키
373,체리
374,도시락
375,다이어트
376,삼육두유
377,프로틴바
378,이뮨
379,푸응나이트버닝
380,아누카사과
381,아리울떡공방
382,블랙마카
383,김부각
384,다이어트보조제
385,바로당안심
386,레몬즙
387,곱창
388,토레타
389,홍초
390,물
391,ns포대유청
392,코카콜라제로
393,복음자리딸기잼
394,유통기한임박
395,닥터린초임계알티지오메가3
396,오쏘몰이뮨멀티비타민
397,미니단호박
398,식염포도당
399,로즈힙퓨레
400,잔티젠
401,건망고
402,락토핏코어
403,가르시니아
404,우주고래
405,한우육포
406,젤리
407,김자반
408,명란젓
409,브이젠
410,전복죽
411,관절영양제
412,귀리
413,한국야쿠르트
414,프리바이오틱스
415,장인약과
416,마카롱
417,종근당프로메가알티지오메가3
418,쌀국수
419,백제쌀국수
420,락티움
421,마그네슘영양제
422,푸룬주스
423,우니
424,마요네즈
425,철분제
426,센트룸멀티구미
427,오리훈제
428,하겐다즈
429,동원참치
430,칼로리몬스터
431,단백질
432,백진주쌀
433,석류즙
434,두리안커피
435,스파클2l
436,무알콜맥주
437,닭꼬치
438,잠백이
439,연잎밥
440,도라지정과
441,혼다시
442,골드카무트효소
443,철원오대쌀10kg
444,포도씨유
445,햇사레복숭아
446,꽁치통조림
447,미역국
448,진저에일
449,헤모힘
450,글루타치온필름
451,포도맛어린이비타민
452,안동학가산김치
453,고려은단비타민c
454,아연
455,한주소금
456,두부면
457,쏜리서치칼슘마그네슘
458,애터미고등어
459,국
460,임박
461,캡슐커피
462,애플망고젤리
463,배도라지즙
464,슈프림골드
465,무뼈닭발
466,거봉
467,아사히슈퍼드라이
468,흰다리새우
469,화애락진
470,컵누들
471,쿠키
472,고향만두
473,킹크랩
474,고메함박스테이크
475,박카스
476,어린이비타민
477,아임비타이뮨샷
478,리코타치즈
479,하남쭈꾸미500
480,맥심슈프림골드
481,루테인지아잔틴아스타잔틴
482,센트룸실버우먼
483,노가리칩
484,이천쌀
485,홍삼스틱
486,드시모네유산균
487,농심먹태깡
488,깻잎
489,건고추
490,이클립스
491,나랑드사이다
492,들기름
493,대창
494,병아리콩
495,대하
496,마카
497,스테비아
498,하누카세
499,능이버섯
500,막창
